RUUU,RRUU,RRRU,UUUR,UURR,URRR,RURU,URUR,URRU,UUUU,UP1,UP2,UP3,UP4,SW1,SW2,SW3,SW4,errors
7.828725,9.1891,6.23795,4.81851428571,5.8117,9.49425,9.50306666667,9.97096,7.038225,4.72833076923,7.8661,8.57278571429,5.91313636364,4.72833076923,6.06839230769,6.7581375,8.51713,9.97096,7
